name,district_id,school_number,tea_id,school_type,postal_code,gmap_lat,gmap_lng,gmap_addr
9th Grade Preparatory Academy,101912,309,101912309,High School,77076,29.846399,-95.3624627,"Ninth Grade College Preparatory Academy, 9400 Irvington Blvd, Houston, TX 77076"
Advanced Virtual Academy,101912,462,101912462,High School,77092,29.829895,-95.469754,"Advanced Virtual Academy, 4141 Costa Rica Rd, Houston, TX 77092"
Alcott Elementary,101912,102,101912102,Elementary School,77033,29.6666196,-95.330493,"Alcott Elementary School, 5859 Bellfort St, Houston, TX 77033-2199"
Almeda Elementary,101912,104,101912104,Elementary School,77047,29.6002333,-95.4199402,"Almeda Elementary School, Houston, TX 77047"
All-Girls School,101912,463,101912463,Multilevel School,77004,29.732035,-95.373816,"All-Girls School, 1906 Cleburne Street, Houston, TX 77004-4499"
All-Male College Preparatory Academy,101912,458,101912458,Multilevel School,77020,29.779203,-95.334207,"All-Male College Preparatory Academy, 1701 Bringhurst Street, Houston, TX 77020-8314"
Anderson Elementary,101912,105,101912105,Elementary School,77035,29.6496766,-95.4879978,"Anderson Elementary School, 5727 Ludington Dr, Houston, TX 77035-4399"
Ashford Elementary,101912,273,101912273,Elementary School,77077,29.7477296,-95.5988336,"Ashford Elementary School, 1815 Shannon Valley Dr, Houston, TX 77077"
Askew Elementary,101912,274,101912274,Elementary School,77077,29.7524515,-95.5779997,"Askew Elementary School, 11200 Wood Lodge Dr, Houston, TX 77077-4237"
Atherton Elementary,101912,106,101912106,Elementary School,77020,29.7796717,-95.322159,"Atherton Elementary School, 2011 Solo St, Houston, TX 77020-4298"
Attucks Middle School,101912,41,101912041,Middle School,77051,29.6696752,-95.3627162,"Attucks Middle School, 4330 Bellfort St, Houston, TX 77051-1802"
Austin High School,101912,1,101912001,High School,77023,29.7294974,-95.3327732,"Austin High School: School Buildings, 1700 Dumble St, Houston, TX 77023"
Barbara Jordan HS,101912,22,101912022,High School,77026,29.815625,-95.333862,"Barbara Jordan High School, 5800 Eastex Freeway, Houston, TX 77026-1565"
Barbara Jordan HS for Careers,101912,33,101912033,High School,77026,29.815625,-95.333862,"Barbara Jordan High School, 5800 Eastex Freeway, Houston, TX 77026-1565"
Barrick Elementary,101912,107,101912107,Elementary School,77076,29.8743912,-95.3704929,"Barrick Elementary School, 12001 Winfrey Ln, Houston, TX 77076-1239"
Bastian Elementary,101912,108,101912108,Elementary School,77033,29.6802304,-95.3529937,"Bastian Elementary School, 7350 Calhoun Rd, Houston, TX 77033-3403"
Bell Elementary,101912,151,101912151,Elementary School,77031,29.6452328,-95.5499439,"Bell Elementary School, Houston, TX 77031"
Bellaire High School,101912,2,101912002,High School,77401,29.691766,-95.470002,"Bellaire Senior High School, 5100 Maple St, Bellaire, TX 77401-4999"
Bellfort ECC,101912,360,101912360,Kindergarten,77061,29.672963,-95.284028,"Bellfort Early Childhood Center, 7647 Bellfort St, Houston, TX 77061"
Benavidez Elementary,101912,295,101912295,Elementary School,77081,29.716619,-95.4924419,"Benavidez Elementary School, 6262 Gulfton Dr, Houston, TX 77081-2306"
Benbrook Elementary,101912,268,101912268,Elementary School,77092,29.8277265,-95.4824409,"Benbrook Elementary School, 4026 Bolin Rd, Houston, TX 77092-4711"
Berry Elementary,101912,109,101912109,Elementary School,77093,29.8377256,-95.3491037,"Berry Elementary: School Buildings, 2310 Berry Rd, Houston, TX 77093"
Black Middle School,101912,42,101912042,Middle School,77018,29.8299485,-95.4404953,"Black Middle School, Houston, TX 77018"
Blackshear Elementary,101912,110,101912110,Elementary School,77004,29.7299512,-95.3624382,"Blackshear Elementary School, 2900 Holman St, Houston, TX 77004-3294"
Bonham Elementary,101912,111,101912111,Elementary School,77074,29.6872512,-95.5194497,"Bonham Elementary, 8302 Braes River Dr, Houston, TX 77074"
Bonner Elementary,101912,112,101912112,Elementary School,77017,29.6760633,-95.260491,"Bonner Elementary School, 8100 Elrod St, Houston, TX 77017-5216"
Braeburn Elementary,101912,114,101912114,Elementary School,77081,29.6955085,-95.4888309,"Braeburn Elementary School, 7707 Rampart St, Houston, TX 77081-7198"
Briargrove Elementary,101912,116,101912116,Elementary School,77057,29.7493957,-95.490775,"Briargrove Elementary School, 6145 San Felipe St, Houston, TX 77057-2899"
Briarmeadow Charter School,101912,143,101912143,Elementary School,77063,29.726108,-95.512303,"Briarmeadow Elementary, 3601 Dunvale Rd, Houston, TX 77063"
Briarmeadow Middle School,101912,344,101912344,Middle School,77063,29.726108,-95.512303,"Briarmeadow Middle School, 3601 Dunvale Rd, Houston, TX 77063"
Briscoe Elementary,101912,117,101912117,Elementary School,77011,29.7313397,-95.2988253,"Briscoe Elementary: School Buildings, 321 Forest Hill Blvd, Houston, TX 77011"
Brookline Elementary,101912,119,101912119,Elementary School,77087,29.6977297,-95.3146591,"Brookline Elementary School, 6301 South Loop E, Houston, TX 77087-1012"
Browning Elementary,101912,120,101912120,Elementary School,77009,29.7963381,-95.3779938,"Browning Elementary School, 607 Northwood St, Houston, TX 77009-4599"
Bruce Elementary,101912,121,101912121,Elementary School,77020,29.7680055,-95.3343817,"Bruce Elementary: School Buildings, 713 Bringhurst St, Houston, TX 77020-8607"
Burbank Elementary,101912,122,101912122,Elementary School,77022,29.8449477,-95.3724376,"Burbank Elementary School, 216 Tidwell Rd, Houston, TX 77022-2098"
Burbank Middle School,101912,43,101912043,Middle School,77022,29.837969,-95.370733,"Burbank Middle School, 315 Berry Rd, Houston, TX 77022"
Burnet Elementary,101912,124,101912124,Elementary School,77011,29.7460616,-95.319937,"Burnet Elementary School, Houston, TX 77011"
Burrus Elementary,101912,125,101912125,Elementary School,77022,29.8171708,-95.3902162,"Burrus Elementary School, 701 E 33rd St, Houston, TX 77022-5199"
Bush Elementary,101912,275,101912275,Elementary School,77077,29.7585626,-95.6263343,"Bush Elementary, 13800 Westerloch Dr, Houston, TX 77077"
Cage Elementary,101912,287,101912287,Elementary School,77023,29.7357843,-95.3338263,"Cage Elementary School, Houston, TX 77023"
Carnegie Vanguard High School,101912,322,101912322,High School,77051,29.647451,-95.366131,"Carnegie Vanguard High School, 10401 Scott St, Houston, TX 77051"
Carrillo Elementary,101912,292,101912292,Elementary School,77023,29.727451,-95.3104923,"Carrillo Elementary School, 960 S Wayside Dr, Houston, TX 77023-3412"
HP Carter Career Center,101912,38,101912038,High School,77020,29.7759195,-95.3357258,"HP Carter Career Center, 1700 Gregg St, Houston, TX 77020"
CEP Southeast,101912,316,101912316,High School,77017,29.668089,-95.259738,"CEP SE High School, 8805 Ferndale, Houston, TX 77017"
CEP Southwest,101912,303,101912303,High School,77074,29.691139,-95.508159,"CEP SW High School, 7055 Beechnut St, Houston, TX 77074"
Challenge High School,101912,323,101912323,High School,77081,29.7215531,-95.4597757,"Challenge High School, 5601 West Loop S, Houston, TX 77081"
Chavez High School,101912,27,101912027,High School,77017,29.685131,-95.255278,"Cesar E. Chavez High School, 8501 Howard Dr, Houston, TX 77017"
CLC High School,101912,29,101912029,High School,77004,29.730451,-95.3745129,"Contemporary Learning Center (HS), 1906 Cleburne St, Houston, TX 77004"
CLC Middle School,101912,93,101912093,Middle School,77004,29.730451,-95.3745129,"Contemporary Learning Center (MS), 1906 Cleburne St, Houston, TX 77004"
Clifton Middle School,101912,48,101912048,Middle School,77092,29.8438371,-95.4791074,"Clifton Middle School, Houston, TX 77092"
Codwell Elementary,101912,123,101912123,Elementary School,77048,29.6338428,-95.3457714,"Codwelementaryl Elementary: Codwell Elementary, 5225 Tavenor Ln, Houston, TX 77048"
Community Services,101912,13,101912013,Multilevel School,77092,29.802875,-95.455603,"Community Services-Secondary, 4400 W 18th St, Houston, TX 77092"
Condit Elementary,101912,130,101912130,Elementary School,77401,29.703162,-95.467056,"Condit Elementary: School Buildings, 7000 S 3rd St, Bellaire, TX 77401"
Coop Elementary,101912,132,101912132,Elementary School,77093,29.8580028,-95.3499369,"Coop Elementary School, 10130 Aldine Westfield Rd, Houston, TX 77093-5499"
Cornelius Elementary,101912,133,101912133,Elementary School,77087,29.6774523,-95.2921585,"Cornelementaryius Elementary: Cornelius Elementary, 7475 Westover St, Houston, TX 77087"
Crawford Elementary,101912,134,101912134,Elementary School,77020,29.7746719,-95.3418819,"Crawford Elementary School, 1510 Jensen Dr, Houston, TX 77020-2197"
Crespo Elementary,101912,290,101912290,Elementary School,77012,29.7005073,-95.2860472,"Crespo Elementary School, 7500 Office City Dr, Houston, TX 77012-4115"
Crockett Elementary,101912,135,101912135,Elementary School,77007,29.7738388,-95.3796605,"Crockett Elementary School, 2112 Crockett St, Houston, TX 77007-3923"
Cullen Middle School,101912,44,101912044,Middle School,77021,29.6907858,-95.3629939,"Cullen Middle School, 6900 Scott St, Houston, TX 77021-4899"
Cunningham Elementary,101912,136,101912136,Elementary School,77081,29.7174521,-95.4685523,"Cunningham Elementary School, 5100 Gulfton Dr, Houston, TX 77081-2906"
Ray Daily ES,101912,396,101912396,Elementary School,77077,29.754117,-95.6153228,"Daily Elementary, 12909 Briar Forest Dr, Houston, TX 77077"
Davila Elementary,101912,297,101912297,Elementary School,77012,29.7146734,-95.2843805,"Davila Elementary School, 7610 Dahlia St, Houston, TX 77012-3005"
Davis High School,101912,3,101912003,High School,77009,29.7828818,-95.3565019,"Davis High School Baseball Field, Houston, TX 77009"
De Chaumes Elementary,101912,137,101912137,Elementary School,77076,29.860225,-95.3788266,"De Chaumes Elementary School, 155 Cooper Rd, Houston, TX 77076-2541"
De Zavala Elementary,101912,138,101912138,Elementary School,77012,29.7374506,-95.2899361,"De Zavala Elementary School, 7521 Avenue H, Houston, TX 77012-1199"
Deady Middle School,101912,45,101912045,Middle School,77012,29.704396,-95.2782692,"Deady Middle School, 2500 Broadway St, Houston, TX 77012"
Deaf Campus,101912,380,101912380,Multilevel School,77027,29.7400817,-95.4442253,"Deaf Campus, Houston, TX 77027"
DeBakey HSHP,101912,26,101912026,High School,77021,29.7098377,-95.375581,"DeBakey High School for Health Professions, 3100 Shenandoah St, Houston, TX 77021"
Dodson Elementary,101912,139,101912139,Elementary School,77003,29.7391176,-95.3493823,"Dodson Elementary School, 1808 Sampson St, Houston, TX 77003-5434"
Dogan Elementary,101912,140,101912140,Elementary School,77026,29.7855049,-95.3293814,"Dogan Elementary School, 4202 Liberty Rd, Houston, TX 77026-5824"
Dominion Academy,101912,376,101912376,Middle School,77018,29.841279,-95.423017,"Dominion Academy, 1102 Pinemont Dr, Houston, TX 77018"
Dowling Middle School,101912,75,101912075,Middle School,77045,29.6216217,-95.4543858,"Dowling Middle School, Houston, TX 77045"
Durham Elementary,101912,115,101912115,Elementary School,77018,29.8349482,-95.4166057,"Durham Elementary School, Houston, TX 77018"
Durkee Elementary,101912,144,101912144,Elementary School,77076,29.8668916,-95.3913269,"Durkee Elementary: School Buildings, 7301 Nordling Rd, Houston, TX 77076-1636"
E O Smith Elementary,101912,266,101912266,Elementary School,77020,29.7771718,-95.3341038,"E O Smith Education Center, 1701 Bringhurst St, Houston, TX 77020-8314"
E O Smith Middle School,101912,67,101912067,Middle School,77020,29.7771718,-95.3341038,"E O Smith Education Center, 1701 Bringhurst St, Houston, TX 77020-8314"
E-STEM Academy Central Middle,101912,459,101912459,Middle School,77087,29.668309,-95.311009,"E-Stem Academy Central Middle, 6711 Bellfort St, Houston, TX 77087"
Early College HS East,101912,345,101912345,High School,77003,29.7519084,-95.334111,"East Early College High School, 220 N Milby St, Houston, TX 77003"
Eastwood Academy HS,101912,301,101912301,High School,77023,29.7357842,-95.3249371,"Eastwood Academy, 5100 Polk St, Houston, TX 77023"
ECI,101912,900,101912900,Kindergarten,77067,30.019165,-95.468444,"ECI, 11920 Walters Road, Houston, TX 77067-1956"
Edison Middle School,101912,46,101912046,Middle School,77011,29.7418951,-95.3024365,"Edison Middle School, 6901 Avenue I, Houston, TX 77011-2699"
Eleanor Tinsley Elementary,101912,374,101912374,Elementary School,77096,29.6595339,-95.5010796,"Tinsley Elementary, 11035 Bob White Dr, Houston, TX 77096"
Eliot Elementary,101912,147,101912147,Elementary School,77020,29.7813383,-95.3060474,"Eliot Elementary School, 6411 Laredo St, Houston, TX 77020-4999"
Elrod Elementary,101912,148,101912148,Elementary School,77096,29.6710649,-95.5016092,"Elrod Elementary School, 6230 Dumfries Dr, Houston, TX 77096-4603"
Emerson Elementary,101912,149,101912149,Elementary School,77063,29.7271743,-95.5338319,"Emerson Elementary School, 9533 Skyline Dr, Houston, TX 77063-5215"
Empowerment College Prep HS,101912,325,101912325,High School,77033,29.675102,-95.342285,"Empowerment High School, 7414 Saint Lo Rd, Houston, TX 77033"
Energized for Excellence ECC,101912,350,101912350,Kindergarten,77081,29.695454,-95.490607,"Energized for Excellence Early Childhood Education Center, 6201 Bissonnet St, Houston, TX 77081"
Energized for Excellence ES,101912,364,101912364,Elementary School,77081,29.695454,-95.490607,"Energized for Excellence (ES), 6201 Bissonnet St, Houston, TX 77081"
Energized for Excellence MS,101912,342,101912342,Middle School,77081,29.695454,-95.490607,"Energized for Excellence (MS), 6201 Bissonnet St, Houston, TX 77081"
Energized for STEM Academy,101912,321,101912321,High School,77004,29.7234070,-95.3537840,"Energized for STEM Academy, 3703 Sampson St, Houston, TX 77004"
Energized Science Tech HS,101912,455,101912455,High School,77081,29.695454,-95.490607,"Energized for STEM-West (HS), 6201 Bissonnet St, Houston, TX 77081"
Energized Science Tech MS,101912,390,101912390,Middle School,77081,29.695454,-95.490607,"Energized for STEM-West (MS), 6201 Bissonnet St, Houston, TX 77081"
Farias ECC,101912,352,101912352,Kindergarten,77076,29.8643954,-95.3920982,"Farias Early Childhood Education Center, 515 E Rittenhouse Rd, Houston, TX 77076"
Felix Cook ES,101912,358,101912358,Elementary School,77016,29.824338,-95.319644,"Cook Elementary, 7115 Lockwood Dr, Houston, TX 77016"
Field Elementary,101912,152,101912152,Elementary School,77008,29.801338,-95.3888274,"Field Elementary School, 703 E 17th St, Houston, TX 77008-4414"
Fleming Middle School,101912,78,101912078,Middle School,77026,29.7938379,-95.3210477,"Fleming Middle School, 4910 Collingsworth St, Houston, TX 77026-5150"
Foerster Elementary,101912,271,101912271,Elementary School,77035,29.6388437,-95.4977203,"Foerster Elementary School, 14200 Fonmeadow Dr, Houston, TX 77035-5218"
Fondren Elementary,101912,153,101912153,Elementary School,77085,29.6280108,-95.4996648,"Fondren Elementary: School Buildings, 12405 Carlsbad St, Houston, TX 77085"
Fondren Middle School,101912,72,101912072,Middle School,77096,29.6768981,-95.5038314,"Fondren Middle School, Houston, TX 77096"
Fonville Middle School,101912,47,101912047,Middle School,77076,29.869947,-95.3891046,"Fonville Middle School, 725 E Little York Rd, Houston, TX 77076-1698"
Foster Elementary,101912,154,101912154,Elementary School,77021,29.6921745,-95.361605,"Foster Elementary School, 3919 Ward St, Houston, TX 77021-4861"
Franklin Elementary,101912,155,101912155,Elementary School,77011,29.7393951,-95.2985475,"Franklin Elementary School, 7101 Canal St, Houston, TX 77011-2797"
Frost Elementary,101912,156,101912156,Elementary School,77048,29.6374537,-95.3341043,"Frost Elementary: School Buildings, 5650 Selinsky Rd, Houston, TX 77048"
Furr High School,101912,4,101912004,High School,77013,29.7791159,-95.2485458,"Furr Senior High School, 520 Mercury Dr, Houston, TX 77013-5299"
Gabriela Mistral Center ECC,101912,354,101912354,Kindergarten,77081,29.701339,-95.491701,"Mistral Early Childhood Education Center, 6203 Jessamine St, Houston, TX 77081"
Gallegos Elementary,101912,291,101912291,Elementary School,77011,29.7332842,-95.2938252,"Gallegos Elementary: School Buildings, 7415 Harrisburg Blvd, Houston, TX 77011"
Garcia Elementary,101912,283,101912283,Elementary School,77093,29.848588,-95.348586,"Macario Garcia Elementary School, 9550 Aldine Westfield Rd, Houston, TX 77093"
Garden Oaks Elementary,101912,157,101912157,Elementary School,77018,29.8232819,-95.4132724,"Garden Oaks Elementary: School Buildings, 901 Sue Barnett Dr, Houston, TX 77018"
Garden Villas Elementary,101912,158,101912158,Elementary School,77061,29.661064,-95.3038256,"Garden Villas Elementary School, 7185 Santa Fe Dr, Houston, TX 77061-2621"
Golfcrest Elementary,101912,159,101912159,Elementary School,77087,29.6896742,-95.2949364,"Golfcrest Elementary School, 7414 Fairway Dr, Houston, TX 77087"
Gordon Elementary,101912,160,101912160,Elementary School,77401,29.7141189,-95.4557743,"Gordon Elementary School, Bellaire, TX 77401"
Grady Middle School,101912,68,101912068,Middle School,77056,29.7502289,-95.4685522,"Grady Middle School, 5215 San Felipe St, Houston, TX 77056-3698"
Gregg Elementary,101912,162,101912162,Elementary School,77087,29.6727304,-95.3099368,"Gregg Elementary, 6701 Roxbury Rd, Houston, TX 77087"
Gregory-Lincoln Elementary,101912,282,101912282,Elementary School,77019,29.75691,-95.3856939,"Gregory-Lincoln Elementary, 1101 Taft St, Houston, TX 77019"
Gregory-Lincoln Middle School,101912,58,101912058,Middle School,77019,29.75691,-95.3856939,"Gregory-Lincoln Middle School, 1101 Taft St, Houston, TX 77019"
Grimes Elementary,101912,164,101912164,Elementary School,77033,29.6585643,-95.3491047,"Grimes Elementary: School Buildings, 9220 Jutland Rd, Houston, TX 77033"
Grissom Elementary,101912,262,101912262,Elementary School,77045,29.6199551,-95.4546635,"Grissom Elementary School, 4900 Simsbrook Dr, Houston, TX 77045-5321"
Halpin Center,101912,131,101912131,Kindergarten,77096,29.6627319,-95.5041093,"Halpin Learning Center, Houston, TX 77096"
Hamilton Middle School,101912,49,101912049,Middle School,77008,29.8041158,-95.3974387,"Hamilton Middle School, 139 E 20th St, Houston, TX 77008-2596"
Harper Alternative,101912,94,101912094,Multilevel School,77018,29.830237,-95.411167,"Harper Alternative, 4425 N Shepherd Dr, Houston, TX 77018"
Harris R P Elementary,101912,167,101912167,Elementary School,77015,29.7693939,-95.221323,"R P Harris Elementary School, 1262 Mae Dr, Houston, TX 77015-5515"
Hartman Middle School,101912,51,101912051,Middle School,77087,29.6688416,-95.3066034,"Hartman Middle School, Houston, TX 77087"
Hartsfield Elementary,101912,168,101912168,Elementary School,77021,29.6943966,-95.3427155,"Hartsfield Elementary School, 5001 Perry St, Houston, TX 77021-3599"
Harvard Elementary,101912,169,101912169,Elementary School,77007,29.7855052,-95.3960499,"Harvard Elementary School, 810 Harvard St, Houston, TX 77007-1607"
HCC Life Skills,101912,97,101912097,High School,77004,29.736398,-95.377377,"Hcc Life Skills, 1301 Alabama St, Houston, TX 77004"
Helms Elementary,101912,170,101912170,Elementary School,77008,29.8049491,-95.4060499,"Helms Elementary School, 503 W 21st St, Houston, TX 77008-3682"
Henry Middle School,101912,52,101912052,Middle School,77093,29.8771688,-95.3663261,"Patrick Henry Middle School, Houston, TX 77093"
Herod Elementary,101912,173,101912173,Elementary School,77096,29.6843978,-95.487442,"Herod Elementary, 5627 Jason St, Houston, TX 77096"
Herrera Elementary,101912,286,101912286,Elementary School,77022,29.8216151,-95.3674377,"Herrera Elementary School, 525 Bennington St, Houston, TX 77022-4911"
High School Ahead Academy,101912,456,101912456,High School,77091,29.844463,-95.401651,"High School Ahead Academy, 5320 Yale St, Houston, TX 77022"
Highland Heights Elementary,101912,174,101912174,Elementary School,77091,29.8491145,-95.4213279,"Highland Heights Elementary, 865 Paul Quinn St, Houston, TX 77091-4154"
Hines-Caldwell ES,101912,395,101912395,Elementary School,77085,29.6259949,-95.4983614,"Hines-Caldwell Elementary, 5515 W Orem Drive, Houston, TX 77085"
Hobby Elementary,101912,175,101912175,Elementary School,77045,29.6352323,-95.4368852,"Hobby Elementary School, 4021 Woodmont Dr, Houston, TX 77045-3515"
Hogg Middle School,101912,53,101912053,Middle School,77009,29.7891162,-95.3860496,"Hogg Middle School, 1100 Merrill St, Houston, TX 77009-6099"
Holland Middle School,101912,50,101912050,Middle School,77029,29.762172,-95.2727133,"Holland Middle, 1600 Gellhorn Dr, Houston, TX 77029"
Hope Academy Charter,101912,329,101912329,High School,77004,29.714973,-95.372252,"Hope Academy Charter School, 3015 N MacGregor Way, Houston, TX 77004"
Horn Elementary,101912,178,101912178,Elementary School,77401,29.694099,-95.45429,"Horn Elementary, 4535 Pine St, Bellaire, TX 77401"
Houston Academy International,101912,348,101912348,High School,77004,29.7368955,-95.3710495,"Jones J Will Elementary: Jones (J Will) Elementary, 1810 Stuart St, Houston, TX 77004"
Houston Gardens Elementary,101912,179,101912179,Elementary School,77028,29.8205037,-95.3010469,"Houston Gardens Elementary: School Buildings, 6820 Homestead Rd, Houston, TX 77028-5045"
HS Business & Economic Success,101912,200,101912200,High School,77085,29.621899,-95.4728839,"HS for Business and Economic Success, 6000 Heatherbrook Dr, Houston, TX 77085"
HSPVA,101912,25,101912025,High School,77006,29.737387,-95.388398,"HS for the Performing and Visual Arts (HSPVA), 4001 Stanford St, Houston, TX 77006"
Inspired For Excellence North,101912,312,101912312,Middle School,77026,29.7995250,-95.3152310,"5426 Cavalcade St, Houston, TX 77026"
Inspired For Excellence West,101912,300,101912300,Middle School,77096,29.6743610,-95.5041640,"6333 S Braeswood Blvd, Houston, TX 77096"
International HS At Sharpstown,101912,452,101912452,High School,77036,29.6978431,-95.531191,"Sharpstown International High School, 8330 Triola Ln, Houston, TX 77036"
Isaacs Elementary,101912,180,101912180,Elementary School,77026,29.7943935,-95.3188254,"Isaacs Elementary School, 3830 Pickfair St, Houston, TX 77026-3998"
J P Henderson Elementary,101912,171,101912171,Elementary School,77023,29.7224512,-95.319937,"J P Henderson Elementary School, 1800 Dismuke St, Houston, TX 77023-4797"
J R Harris Elementary,101912,166,101912166,Elementary School,77012,29.7185622,-95.2774358,"J R Harris Elementary School, 801 Broadway St, Houston, TX 77012-2195"
Jackson Middle School,101912,54,101912054,Middle School,77023,29.7357842,-95.3249371,"Jackson Middle School, 5100 Polk St, Houston, TX 77023-1420"
Janowski Elementary,101912,181,101912181,Elementary School,77022,29.8299481,-95.3707711,"Janowski Elementary School, 7500 Bauman Rd, Houston, TX 77022-6199"
Jefferson Elementary,101912,182,101912182,Elementary School,77009,29.8055045,-95.3699379,"Jefferson Elementary School, 5000 Sharman St, Houston, TX 77009-2698"
Jenard M Gross Elementary,101912,369,101912369,Elementary School,77071,29.6388879,-95.5291892,"Gross Elementary, 12583 S Gessner Rd, Houston, TX 77071"
JJAEP,101912,320,101912320,High School,77054,29.68442,-95.416301,"Juvenile Justice Alternative Education Program, 2525 Murworth Dr, Houston, TX 77054"
Johnston Middle School,101912,55,101912055,Middle School,77096,29.6696759,-95.473275,"Johnston Middle: School Buildings, 10410 Manhattan Dr, Houston, TX 77096"
Jones High School,101912,6,101912006,High School,77033,29.675102,-95.342285,"Jones High School, 7414 St Lo Rd, Houston, TX 77033"
K Smith Elementary,101912,242,101912242,Elementary School,77092,29.8385594,-95.4621624,"Katherine Smith Elementary, 4802 Chrystell Ln, Houston, TX 77092-3513"
Kaleidoscope M S,101912,334,101912334,Middle School,77074,29.703759,-95.4976478,"Las Americas, 6501 Bellaire Blvd, Houston, TX 77074"
Kandy Stripe Academy,101912,378,101912378,Multilevel School,77033,29.684125,-95.340209,"Kandy Stripe Academy, 5301 Southlea St, Houston, TX 77033"
Kashmere Gardens Elementary,101912,185,101912185,Elementary School,77026,29.8052265,-95.3171586,"Kashmere Gardens Elementary, 4901 Lockwood Dr, Houston, TX 77026-2997"
Kashmere High School,101912,7,101912007,High School,77028,29.8230037,-95.3166029,"Kashmere High, 6900 Wileyvale Rd, Houston, TX 77028"
Kelso Elementary,101912,187,101912187,Elementary School,77033,29.6821746,-95.3335486,"Kelso Elementary School, 5800 Southmund St, Houston, TX 77033-1896"
Kennedy Elementary,101912,188,101912188,Elementary School,77022,29.8285594,-95.396883,"Kennedy Elementary School, 306 Crosstimbers St, Houston, TX 77022-3931"
Ketelsen Elementary School,101912,389,101912389,Elementary School,77009,29.7807573,-95.3638304,"Ketelsen Elementary School, 600 Quitman St, Houston, TX 77009"
Key Middle School,101912,79,101912079,Middle School,77026,29.812036,-95.3302549,"Key Middle School, 4000 Kelley St, Houston, TX 77026"
Kolter Elementary,101912,189,101912189,Elementary School,77096,29.6741202,-95.4677192,"Kolter Elementary: School Buildings, 9710 Runnymeade Dr, Houston, TX 77096"
Lamar High School,101912,8,101912008,High School,77098,29.739023,-95.426663,"Lamar High School: School Buildings, 3325 Westheimer Rd, Houston, TX 77098"
Lanier Middle School,101912,57,101912057,Middle School,77098,29.741934,-95.404702,"Lanier Middle School, 2600 Woodhead St, Houston, TX 77098"
Lantrip Elementary,101912,192,101912192,Elementary School,77023,29.7416174,-95.3349374,"Lantrip Elementary School, 100 Telephone Rd, Houston, TX 77023-1899"
Las Americas Middle School,101912,340,101912340,Middle School,77074,29.704179,-95.499177,"Las Americas Middle School, 6501 Bellaire Blvd, Houston, TX 77074"
Law Elementary,101912,263,101912263,Elementary School,77047,29.6288431,-95.3649386,"Law Elementary School, Houston, TX 77047"
Law Enf. and Criminal Justice,101912,34,101912034,High School,77007,29.764642,-95.407662,"HS for Law Enforcement and Criminal Justice, 4701 Dickson St, Houston, TX 77007"
Leader's Academy,101912,326,101912326,High School,77045,29.6273437,-95.4657256,"Leader's Academy, 6011 W Orem Dr, Houston, TX 77045"
Lee High School,101912,9,101912009,High School,77057,29.7296741,-95.4999421,"Lee High School, 6529 Beverlyhill St, Houston, TX 77057"
Lewis Elementary,101912,194,101912194,Elementary School,77061,29.6652304,-95.282436,"Lewis Elementary School, 7649 Rockhill St, Houston, TX 77061-2101"
Liberty High School,101912,324,101912324,High School,77074,29.72046,-95.496905,"Liberty High School, 6400 Southwest Fwy, Houston, TX 77074"
Lockhart Elementary,101912,195,101912195,Elementary School,77004,29.7143961,-95.3604938,"Lockhart Elementary: School Buildings, 3501 Southmore Blvd, Houston, TX 77004-7911"
Long Middle School,101912,59,101912059,Middle School,77074,29.705786,-95.4974421,"Long Middle, 6501 Bellaire Blvd, Houston, TX 77074"
Longfellow Elementary,101912,196,101912196,Elementary School,77025,29.686064,-95.4321626,"Longfelementarylow Elementary: Longfellow Elementary, 3614 Murworth Dr, Houston, TX 77025"
Looscan Elementary,101912,197,101912197,Elementary School,77009,29.7949492,-95.3571598,"Looscan Elementary School, 3800 Robertson St, Houston, TX 77009-4959"
Love Elementary,101912,198,101912198,Elementary School,77008,29.7935606,-95.4093836,"Love Elementary School, 1120 W 13th St, Houston, TX 77008-6699"
Lovett Elementary,101912,199,101912199,Elementary School,77096,29.6838421,-95.4677192,"Lovett Elementary, 8814 S Rice Ave, Houston, TX 77096"
Lyons Elementary,101912,128,101912128,Elementary School,77076,29.8563362,-95.3671595,"Lyons Elementary School, 800 Roxella St, Houston, TX 77076-4431"
M L King ECC,101912,355,101912355,Kindergarten,77045,29.613555,-95.4359629,"King Early Childhood Education Center, 3930 W Fuqua St, Houston, TX 77045"
MacGregor Elementary,101912,201,101912201,Elementary School,77004,29.7280069,-95.3807721,"Mac Gregor Elementary School, 4801 La Branch St, Houston, TX 77004-5695"
Mading Elementary,101912,203,101912203,Elementary School,77033,29.6596753,-95.327993,"Mading Elementary School, 8511 Crestmont St, Houston, TX 77033-1399"
Madison High School,101912,10,101912010,High School,77045,29.6299547,-95.4366074,"Madison High School, 13719 White Heather Dr, Houston, TX 77045-4498"
Mark Twain Elementary,101912,251,101912251,Elementary School,77025,29.6985636,-95.4374404,"Mark Twain Elementary School, 7500 Braes Blvd, Houston, TX 77025-1224"
Marshall Middle School,101912,61,101912061,Middle School,77009,29.780783,-95.356882,"Marshall Middle School, Houston, TX 77009"
Martinez C Elementary,101912,289,101912289,Elementary School,77020,29.7727274,-95.2974361,"R Martinez Elementary School, 7211 Market St, Houston, TX 77020-5422"
Martinez Elementary,101912,298,101912298,Elementary School,77020,29.7727274,-95.2974361,"R Martinez Elementary School, 7211 Market St, Houston, TX 77020-5422"
McDade Elementary,101912,202,101912202,Elementary School,77026,29.8093931,-95.3296589,"Mc Dade Elementary School, 5815 Hirsch Rd, Houston, TX 77026-1599"
McNamara Elementary,101912,227,101912227,Elementary School,77074,29.6852311,-95.504109,"Mc Namara Elementary School, 8714 Mcavoy Dr, Houston, TX 77074-7398"
McReynolds Middle School,101912,62,101912062,Middle School,77020,29.773283,-95.3124366,"McReynolds Middle School, Houston, TX 77020"
Memorial Elementary,101912,204,101912204,Elementary School,77007,29.7696725,-95.4254953,"Memorial Elementary School, 6401 Arnot St, Houston, TX 77007-2098"
Milby High School,101912,11,101912011,High School,77012,29.7102291,-95.277158,"Milby High School, 1601 Broadway St, Houston, TX 77012-3789"
Milne Elementary,101912,299,101912299,Elementary School,77071,29.6605098,-95.5138317,"A A Milne Elementary School, Houston, TX 77071"
Mitchell Elementary,101912,264,101912264,Elementary School,77075,29.6088431,-95.2757692,"Mitchell Elementary School, Houston, TX 77075"
Montgomery Elementary,101912,207,101912207,Elementary School,77045,29.621066,-95.4368853,"Montgomery Elementary School, 4000 Simsbrook Dr, Houston, TX 77045-5699"
Moreno ES,101912,359,101912359,Elementary School,77037,29.875017,-95.3899772,"Joe E Moreno Elementary, 620 E Canino Rd, Houston, TX 77037"
Mount Carmel Academy,101912,311,101912311,High School,77061,29.66073,-95.30174,"Mount Carmel Academy, 7155 Ashburn St, Houston, TX 77061"
N Q Henderson Elementary,101912,172,101912172,Elementary School,77020,29.769201,-95.321413,"N Q Henderson Elementary, 701 Solo St, Houston, TX 77020"
Neff Elementary,101912,209,101912209,Elementary School,77036,29.6971753,-95.5299431,"Neff Elementary School, 8200 Carvel Ln, Houston, TX 77036-6320"
New Aspirations,101912,327,101912327,High School,77074,29.691149,-95.508221,"New Aspirations Academy, 7055 Beechnut St, Houston, TX 77074"
Ninfa Laurenzo ECC,101912,357,101912357,Kindergarten,77011,29.746454,-95.319721,"Laurenzo Early Childhood Education Center, 205 N Delmar St, Houston, TX 77011"
North Alternative Elementary,101912,366,101912366,Elementary School,77016,29.834375,-95.309262,"North Alternative Elementary, 8110 Bertwood St, Houston, TX 77016"
North Alternative MS,101912,339,101912339,Middle School,77016,29.834375,-95.309262,"North Alternative Middle School, 8110 Bertwood St, Houston, TX 77016"
North Houston Early College HS,101912,308,101912308,High School,77022,29.8347691,-95.3759579,"North Houston Early College High School, 99 Lyerly St, Houston, TX 77022"
Northline Elementary,101912,210,101912210,Elementary School,77076,29.850781,-95.3868825,"Northline Elementary School, 821 E Witcher Ln, Houston, TX 77076-4845"
Oak Forest Elementary,101912,211,101912211,Elementary School,77018,29.8282819,-95.4346617,"Oak Forest Elementary School, 1401 W 43rd St, Houston, TX 77018-4198"
Oates Elementary,101912,212,101912212,Elementary School,77013,29.7932821,-95.2521569,"Oates Elementary School, 10044 Wallisville Rd, Houston, TX 77013-4616"
Ortiz Middle School,101912,338,101912338,Middle School,77061,29.663226,-95.286875,"Ortiz Middle School, 6767 Telephone Rd, Houston, TX 77061"
Osborne Elementary,101912,213,101912213,Elementary School,77088,29.8757666,-95.4164212,"Osborne Elementary, 800 Dillard St, Houston, TX 77088"
Park Place Elementary,101912,214,101912214,Elementary School,77017,29.6888408,-95.273269,"Park Place Elementary School, 8235 Park Pl Blvd, Houston, TX 77017-3199"
Parker Elementary,101912,215,101912215,Elementary School,77096,29.6663427,-95.4824419,"Parker Elementary School, 10626 Atwell Dr, Houston, TX 77096-4999"
Patterson Elementary,101912,216,101912216,Elementary School,77017,29.683563,-95.2429904,"Patterson Elementary School, 5302 Allendale Rd, Houston, TX 77017-6299"
Peck Elementary,101912,217,101912217,Elementary School,77021,29.7074517,-95.3349375,"Peck Elementary School, 5130 Arvilla Ln, Houston, TX 77021-2996"
Pershing Middle School,101912,64,101912064,Middle School,77025,29.702191,-95.4386723,"Pershing Middle, 3838 Braes Blvd, Houston, TX 77025"
Petersen Elementary,101912,265,101912265,Elementary School,77045,29.618566,-95.4246626,"Petersen Elementary School, 14404 Waterloo Dr, Houston, TX 77045-6620"
Pilgrim Academy,101912,218,101912218,Multilevel School,77057,29.728864,-95.4936168,"Pilgrim Elementary, 6302 Skyline Dr, Houston, TX 77057"
Pin Oak Middle School,101912,337,101912337,Middle School,77401,29.719607,-95.45763,"Pin Oak Middle School, 4601 Glenmont St, Bellaire, TX 77401"
Piney Point Elementary,101912,219,101912219,Elementary School,77063,29.7265739,-95.5210737,"Piney Point Elementary: School Buildings, 8921 Pagewood Ln, Houston, TX 77063"
Pleasantville Elementary,101912,220,101912220,Elementary School,77029,29.7641165,-95.27188,"Pleasantville Elementary School, 1431 Gellhorn Dr, Houston, TX 77029-3399"
Poe Elementary,101912,221,101912221,Elementary School,77098,29.7280071,-95.4071617,"Schools, 5100 Hazard St, Houston, TX 77098"
Port Houston Elementary,101912,222,101912222,Elementary School,77029,29.7599499,-95.2838248,"Port Houston Elementary School, 1800 McCarty St, Houston, TX 77029-3797"
Project Chrysalis MS,101912,71,101912071,Middle School,77023,29.734143,-95.333354,"Project Chrysalis Middle School, 4528 Leeland St, Houston, TX 77023"
Pro-Vision School,101912,332,101912332,Middle School,77051,29.654561,-95.36,"Pro-Vision School, 4590 Wilmington St, Houston, TX 77051"
Pugh Elementary,101912,223,101912223,Elementary School,77020,29.7680054,-95.3068809,"Pugh Elementary School, 1147 Kress St, Houston, TX 77020-7498"
Reach Charter,101912,349,101912349,High School,77013,29.7791159,-95.2485458,"Furr Senior High School, 520 Mercury Dr, Houston, TX 77013-5299"
Reagan High School,101912,12,101912012,High School,77008,29.7949493,-95.393272,"Reagan High School: School Buildings, 413 E 13th St, Houston, TX 77008"
Red Elementary,101912,224,101912224,Elementary School,77035,29.6668981,-95.4541078,"Red Elementary: School Buildings, 4520 Tonawanda Dr, Houston, TX 77035"
Revere Middle School,101912,60,101912060,Middle School,77042,29.748012,-95.560766,"Revere Middle: School Buildings, 10502 Briar Forest Dr, Houston, TX 77042"
Reynolds Elementary,101912,225,101912225,Elementary School,77051,29.6516203,-95.3754943,"Reynolds Elementary: School Buildings, 9601 Rosehaven Dr, Houston, TX 77051"
Rhoads Elementary,101912,226,101912226,Elementary School,77047,29.6380095,-95.3629941,"Rhoads Elementary: School Buildings, 4103 Brisbane St, Houston, TX 77047"
Rice Elementary School,101912,280,101912280,Elementary School,77025,29.6988413,-95.4193844,"Rice Elementary School, 7550 Seuss Dr, Houston, TX 77025-2271"
Rice Middle School,101912,80,101912080,Middle School,77025,29.6988413,-95.4193844,"Rice Elementary School, 7550 Seuss Dr, Houston, TX 77025-2271"
River Oaks Elementary,101912,228,101912228,Elementary School,77019,29.748562,-95.4191064,"River Oaks Elementary: School Buildings, 2008 Kirby Dr, Houston, TX 77019"
Roberts Elementary,101912,229,101912229,Elementary School,77030,29.7127298,-95.4127175,"Oran M. Roberts Elementary School, 6000 Greenbriar St, Houston, TX 77030"
Robinson Elementary,101912,186,101912186,Elementary School,77013,29.7877657,-95.2145125,"Robinson Elementary, 12425 Woodforest Blvd, Houston, TX 77013"
Roderick R Paige ES,101912,113,101912113,Elementary School,77093,29.8271703,-95.3382702,"Roderick Paige Elementary, 7501 Curry Rd, Houston, TX 77093-8821"
Rodriguez Elementary,101912,372,101912372,Elementary School,77081,29.718799,-95.478089,"Rodriguez Elementary, 5858 Chimney Rock Rd, Houston, TX 77081"
Roosevelt Elementary,101912,231,101912231,Elementary School,77022,29.8188374,-95.3729935,"Roosevelt Elementary School, 6700 Fulton St, Houston, TX 77022-5499"
Ross Elementary,101912,232,101912232,Elementary School,77026,29.8005045,-95.3410482,"Ross Elementary School, 2819 Bay St, Houston, TX 77026-3298"
Rucker Elementary,101912,233,101912233,Elementary School,77017,29.6943961,-95.2418792,"Rucker Elementary School, 5201 Vinett St, Houston, TX 77017-4958"
Rusk Elementary,101912,234,101912234,Elementary School,77003,29.7532838,-95.3441043,"Rusk Elementary School, 2805 Garrow St, Houston, TX 77003-2323"
Ryan Middle School,101912,66,101912066,Middle School,77004,29.7335622,-95.3632716,"Ryan Middle: School Buildings, 2610 Elgin St, Houston, TX 77004"
Sam Houston School Math/Scienc,101912,310,101912310,High School,77076,29.846399,-95.3624627,"Sam Houston Math/Science/Technology Center, 9400 Irvington Blvd, Houston, TX 77076"
Sanchez Elementary,101912,281,101912281,Elementary School,77012,29.703285,-95.2835471,"Sanchez Elementary School, Houston, TX 77012"
Scarborough Elementary,101912,237,101912237,Elementary School,77093,29.8710578,-95.3374364,"Scarborough Elementary School, 3021 Little York Rd, Houston, TX 77093-3599"
Scarborough High School,101912,24,101912024,High School,77092,29.8299486,-95.4699405,"Scarborough High School, 4141 Costa Rica Rd, Houston, TX 77092-5299"
School at St George Place,101912,353,101912353,Elementary School,77056,29.732388,-95.468493,"St George Pl St, Houston, TX 77056"
Scott Elementary,101912,238,101912238,Elementary School,77026,29.7910603,-95.3304925,"Scott Elementary School, 3300 Russell St, Houston, TX 77026"
Scroggins Elementary,101912,269,101912269,Elementary School,77020,29.7821715,-95.2991028,"Scroggins Elementary School, Houston, TX 77020"
Seguin Elementary School,101912,373,101912373,Elementary School,77087,29.6791838,-95.3069003,"Seguin Elementary School, 5905 Waltrip St, Houston, TX 77087"
Shadowbriar Elementary,101912,276,101912276,Elementary School,77077,29.7368966,-95.5982782,"Shadowbriar School, 2650 Shadowbriar Dr, Houston, TX 77077-6000"
Sharpstown High School,101912,23,101912023,High School,77074,29.698842,-95.5316098,"Sharpstown High School, 7504 Bissonnet St, Houston, TX 77074-5599"
Sharpstown Middle School,101912,81,101912081,Middle School,77036,29.6982865,-95.5321653,"Sharpstown Middle School, 8330 Triola Ln, Houston, TX 77036"
Shearn Elementary,101912,239,101912239,Elementary School,77025,29.6766199,-95.4399406,"Shearn Elementary School, 9802 Stella Link Rd, Houston, TX 77025-4697"
Sherman Elementary,101912,240,101912240,Elementary School,77020,29.774769,-95.341166,"Sherman Elementary, 1510 Jensen Dr, Houston, TX 77020"
Sinclair Elementary,101912,241,101912241,Elementary School,77008,29.7935606,-95.428273,"Sinclair Elementary School, 6410 Grovewood Ln, Houston, TX 77008-3222"
SOAR Center,101912,69,101912069,Middle School,77027,29.7366957,-95.4414999,"Soar Center, 3233 Weslayan St, Houston, TX 77027"
South District Alternative,101912,387,101912387,Elementary School,77047,29.638425,-95.361906,"South District Alternative, 4103 Brisbane St, Houston, TX 77047"
South Early College HS,101912,454,101912454,High School,77033,29.675102,-95.342285,"South Early College HS, 7414 St Lo Rd, Houston, TX 77033"
Southmayd Elementary,101912,244,101912244,Elementary School,77012,29.7102292,-95.2885472,"Southmayd Elementary School, 1800 Coral St, Houston, TX 77012-3123"
Sterling High School,101912,14,101912014,High School,77048,29.6360648,-95.3229929,"Sterling High School, Houston, TX 77048"
Stevens Elementary,101912,245,101912245,Elementary School,77018,29.8274486,-95.4454955,"Stevens Elementary School, 1910 Lamonte Ln, Houston, TX 77018-4619"
Stevenson Elementary,101912,246,101912246,Elementary School,77007,29.7785611,-95.4196617,"Stevenson Elementary School, 5410 Cornish St, Houston, TX 77007-4302"
Stevenson Middle School,101912,98,101912098,Middle School,77017,29.67023,-95.242157,"Stevenson Middle School, 9595 Winkler Dr, Houston, TX 77017-5921"
Sugar Grove Academy,101912,163,101912163,Middle School,77074,29.6861595,-95.5135084,"Sugar Grove Academy Middle School, 8405 Bonhomme Rd, Houston, TX 77074"
Sutton Elementary,101912,248,101912248,Elementary School,77074,29.6980195,-95.5013748,"Sutton Elementary, 7402 Albacore Dr, Houston, TX 77074"
T H Rogers Elementary,101912,296,101912296,Elementary School,77057,29.750406,-95.479581,"T H Rogers Elementary, 5840 San Felipe St, Houston, TX 77057"
T H Rogers Middle School,101912,39,101912039,Middle School,77057,29.750406,-95.479581,"T H Rogers Middle School, 5840 San Felipe St, Houston, TX 77057"
Texas Connections Academy Hou,101912,100,101912100,Multilevel School,77079,29.783574,-95.608723,"Texas Connections Academy @ Houston, 950 Threadneedle St #130, Houston, TX 77079"
Thomas Middle School,101912,77,101912077,Middle School,77048,29.6377315,-95.333271,"Thomas Middle School, Houston, TX 77048"
Thompson Elementary,101912,243,101912243,Elementary School,77021,29.7046742,-95.3666051,"Thompson Elementary: School Buildings, 3500 Tampa St, Houston, TX 77021"
Tijerina Elementary,101912,279,101912279,Elementary School,77011,29.740527,-95.309592,"Tijerina Elementary School, 6501 Sherman St, Houston, TX 77011"
Travis Elementary,101912,249,101912249,Elementary School,77009,29.7882829,-95.3741049,"Travis Elementary: School Buildings, 3311 Beauchamp St, Houston, TX 77009"
TSU Charter Lab School,101912,328,101912328,Elementary School,77004,29.7232315,-95.3657162,"TSU Charter Lab School, 3100 Cleburne St, Houston, TX 77004"
Valley West Elementary,101912,285,101912285,Elementary School,77071,29.6646764,-95.5282766,"Valley West Elementary School, 10707 S Gessner Dr, Houston, TX 77071"
Vision Academy,101912,453,101912453,High School,77051,29.654561,-95.36,"Vision Academy High School, 4590 Wilmington St, Houston, TX 77051"
Wainwright Elementary,101912,252,101912252,Elementary School,77092,29.8227266,-95.4691073,"Wainwright Elementary School, 5330 Milwee St, Houston, TX 77092-6655"
WALIPP,101912,343,101912343,Middle School,77004,29.712476,-95.355863,"Walipp Senior Residence, 5220 Scott St, Houston, TX 77004"
Walnut Bend Elementary,101912,253,101912253,Elementary School,77042,29.7477294,-95.5641105,"Walnut Bend Elementary School, 10620 Briar Forest Dr, Houston, TX 77042-2320"
Waltrip High School,101912,15,101912015,High School,77018,29.8180764,-95.4323116,"Waltrip High School Baseball Field, Houston, TX 77018"
Washington BT High School,101912,16,101912016,High School,77018,29.821893,-95.3977163,"Washington B T High School, 119 E 39th St, Houston, TX 77018"
Welch Middle School,101912,56,101912056,Middle School,77071,29.654399,-95.5282767,"Welch Middle, 11544 S Gessner Dr, Houston, TX 77071"
Wesley Elementary,101912,254,101912254,Elementary School,77091,29.8618919,-95.419661,"Wesley Elementary School, 800 Dillard St, Houston, TX 77091-2301"
West Briar Middle School,101912,99,101912099,Middle School,77077,29.7607887,-95.6290263,"Schools: Westbriar Middle, 13733 Brimhurst Dr, Houston, TX 77077"
West University Elementary,101912,255,101912255,Elementary School,77005,29.714959,-95.435506,"West University Elementary, 3756 University Blvd, Houston, TX 77005"
Westbury High School,101912,17,101912017,High School,77035,29.648617,-95.480798,"Westbury High School: School Buildings, Houston, TX 77035"
Westside High School,101912,36,101912036,High School,77077,29.7513271,-95.6388502,"Westside High School, 14201 Briar Forest Dr, Houston, TX 77077"
Wharton Elementary,101912,256,101912256,Elementary School,77019,29.7541173,-95.3907723,"Wharton Elementary School, 900 W Gray St, Houston, TX 77019-4226"
Wheatley High School,101912,18,101912018,High School,77020,29.7724497,-95.3199367,"Wheatley High School, 4900 Market St, Houston, TX 77020-6517"
Whidby Elementary,101912,257,101912257,Elementary School,77021,29.6824527,-95.3749387,"Whidby Elementary School, 7625 Springhill St, Houston, TX 77021-6097"
White Elementary,101912,267,101912267,Elementary School,77036,29.6963421,-95.5424434,"White Elementary School, 9001 Triola Ln, Houston, TX 77036-6199"
Whittier Elementary,101912,258,101912258,Elementary School,77029,29.7716161,-95.2435457,"Whittier Elementary School, 10511 La Crosse St, Houston, TX 77029-2111"
Williams Middle School,101912,82,101912082,Middle School,77091,29.8538365,-95.4232724,"M C Williams Middle School, 6100 Knox St, Houston, TX 77091-4143"
Wilson Montessori,101912,259,101912259,Multilevel School,77006,29.7480064,-95.3991059,"Woodrow Wilson Montessori, 2100 Yupon St, Houston, TX 77006"
Windsor Village Elementary,101912,260,101912260,Elementary School,77085,29.6177331,-95.4704974,"Windsor Village Elementary, 14440 Polo St, Houston, TX 77085-3399"
Woodson Elementary,101912,127,101912127,Elementary School,77047,29.6432872,-95.3654941,"Woodson Middle School, 10720 Southview St, Houston, TX 77047-1099"
Woodson Middle School,101912,74,101912074,Middle School,77047,29.6432872,-95.3654941,"Woodson Middle School, 10720 Southview St, Houston, TX 77047-1099"
Worthing High School,101912,19,101912019,High School,77051,29.6566201,-95.3688275,"Worthing High School, 9215 Scott St, Houston, TX 77051-3396"
Yates High School,101912,20,101912020,High School,77004,29.7232848,-95.3546602,"Yates High School: School Buildings, 3703 Sampson St, Houston, TX 77004"
Young Elementary,101912,247,101912247,Elementary School,77051,29.669953,-95.3713275,"Sunny Side Elementary School, 3555 Bellfort St, Houston, TX 77051-1499"
Young Learners,101912,392,101912392,Kindergarten,77057,29.7305911,-95.4802411,"Young Learners, 3333 Bering Dr, Houston, TX 77057"
Young Scholars,101912,371,101912371,Elementary School,77002,29.7527284,-95.3724383,"Young Scholars Academy, 1809 Louisiana St, Houston, TX 77002-8013"
Odessa High School,68901,002,68901002,High School,79763,31.852409,-102.382300,"Odessa High School, 1301 Dotsy Avenue, Odessa, TX 78763-665"
Permian High School,68901,003,68901003,High School,79762,31.887579,-102.357559,"Permian High School, 1800 East 42nd Street, Odessa, TX 79762"
Alternative Education Center,68901,004,68901004,Multilevel School,79762,31.913556,-102.382386,"Alternative Education Center, 1299 E Yukon Rd, Odessa, TX 79762"
Bonham Junior High School,68901,042,68901042,Middle School,79761,31.877849,-102.352753,"Bonham Junior High School, 2201 East 21st Street, Odessa, TX 79761-3041"
Bowie Junior High School,68901,043,68901043,Middle School,79761,31.860884,-102.385768,"Bowie Junior High School, 500 West 21st Street, Odessa, TX 79761-2471"
Crockett Junior High School,68901,044,68901044,Middle School,79763,31.864437,-102.404594,"Crockett Junior High School, 2301 Conover Avenue, Odessa, TX 79763-2100"
Hood Junior High School,68901,045,68901045,Middle School,79762,31.884991,-102.375755,"Hood Junior High School, 600 East 38th Street, Odessa, TX 79762-6839"
Nimitz Junior High School,68901,046,68901046,Middle School,79762,31.902044,-102.347946,"Nimitz Junior High School, 4900 Maple Avenue, Odessa, TX 79762-8000"
Ector Junior High School,68901,047,68901047,High School,79763,31.831847,-102.373438,"Ector Junior High School, 809 West Clements Street, Odessa, TX 79763-4600"
Gale Pond Alamo Elementary School,68901,101,68901101,Elementary School,79761,31.871289,-102.371464,"Gale Pond Alamo Elementary School, 801 East 23rd Street, Odessa, TX 79761-1356"
Austin Elementary School,68901,102,68901102,Elementary School,79761,31.853575,-102.373352,"Austin Elementary School, 200 West 9th Street, Odessa, TX 79761-3956"
Burleson Elementary School,68901,103,68901103,Elementary School,79764,31.877977,-102.390583,"Burleson Elementary School, 3900 Golder Avenue, Odessa, TX 79764-6700"
Burnet Elementary School,68901,104,68901104,Elementary School,79761,31.884718,-102.363546,"Burnet Elementary School, 3700 Permian Drive, Odessa, TX 79761"
Cameron Elementary School,68901,105,68901105,Elementary School,79763,31.840962,-102.396204,"Cameron Elementary School, 2401 West 8th Street, Odessa, TX 79763-3700"
Carver Early Education Center,68901,106,68901106,Kindergarten,79761,31.844698,-102.352876,"Carver Early Education Center, 600 College Avenue, Odessa, TX 79761-7022"
Dowling Elementary School,68901,107,68901107,Elementary School,79761,31.866287,-102.359308,"Dowling Elementary School, 1510 East 17th Street, Odessa, TX 79761-1553"
Goliad Elementary School,68901,110,68901110,Elementary School,79762,31.895253,-102.380693,"Goliad Elementary School, 501 East 52nd Street, Odessa, TX 79762-4300"
Gonzales Elementary School,68901,111,68901111,Elementary School,79761,31.869449,-102.335479,"Gonzales Elementary School, 2700 Disney Street, Odessa, TX 79761-3300"
Hays Elementary School,68901,112,68901112,Elementary School,79761,31.837193,-102.344272,"Hays Elementary School, 1101 East Monahans Street, Odessa, TX 79761-7100"
Sam Houston Elementary School,68901,113,68901113,Elementary School,79762,31.878307,-102.380677,"Sam Houston Elementary School, 300 East 37th Street, Odessa, TX 79762"
Ireland Elementary School,68901,114,68901114,Elementary School,79762,31.891585,-102.362347,"Ireland Elementary School, 4301 Dawn Avenue, Odessa, TX 79762-5767"
Lamar Early Education Center,68901,115,68901115,Kindergarten,79761,31.853808,-102.362076,"Lamar Early Education Center,610 Jefferson Avenue, Odessa, TX 79761-4640"
Milam Elementary School,68901,116,68901116,Elementary School,79761,31.841673,-102.354298,"Milam Elementary School, 815 South Dixie Boulevard, Odessa, TX 79761-6471"
Pease Elementary School,68901,117,68901117,Elementary School,79763,31.854922,-102.402653,"Pease Elementary School, 1800 West 22nd Street, Odessa, TX 79763-2134"
Reagan Magnet School,68901,118,68901118,Elementary School,79761,31.871412,-102.347651,"Reagan Magnet School, 2321 East 21st Street, Odessa, TX 79761"
Ross Elementary School,68901,119,68901119,Elementary School,79762,31.891746,-102.372875,"Ross Elementary School, 4600 North Everglade Avenue, Odessa, TX 79762-6000"
San Jacinto Elementary School,68901,121,68901121,Elementary School,79763,31.856585,-102.390693,"San Jacinto School, 1000 West 19th Street, Odessa, TX 79763-2863"
Travis Elementary School,68901,122,68901122,Elementary School,79761,31.831713,-102.359354,"Travis Elementary School, 1400 South Lee Avenue, Odessa, TX 79761-6883"
Zavala Elementary School,68901,123,68901123,Elementary School,79763,31.832526,-102.377944,"Zavala Elementary School, 1201 Clifford Street, Odessa, TX 79763-4500"
Noel Elementary School,68901,124,68901124,Elementary School,79764,31.865752,-102.408484,"Noel Elementary School, 2200 Newcomb Drive, Odessa, TX 79764-1600"
Blanton Elementary School,68901,125,68901125,Elementary School,79762,31.888834,-102.339583,"Blanton Elementary School, 4101 Lynbrook Avenue, Odessa, TX 79762-7100"
Murry Fly Elementary School,68901,126,68901126,Elementary School,79764,31.856008,-102.519712,"Murry Fly Elementary School, 11688 West Westview Drive, Odessa, TX 79764-9496"
Blackshear Elementary School,68901,127,68901127,Elementary School,79761,31.842434,-102.352796,"Blackshear Elementary Magnet School, 501 South Dixie Boulevard, Odessa, TX 79761-6468"
Johnson Elementary School,68901,128,68901128,Elementary School,79762,31.890795,-102.305975,"Johnson Elementary School, 6401 Amber Drive, Odessa, TX 79762-5406"
Barbara Jordan Elementary School,68901,129,68901129,Elementary School,79765,31.948011,-102.396365,"Barbara Jordan Elementary School, 9400 Rainbow Drive, Odessa, TX 79765-1428"
Lauro Cavazos Elementary School,68901,130,68901130,Elementary School,79763,31.830047,-102.478935,"Lauro Cavazos Elementary School, 9301 West 16th Street, Odessa, TX 79763"
McKinney High School,043907,002,043907002,High School,75069,33.186740,-96.633655,"McKinney High School, 1400 Wilson Creek Pkwy, McKinney, TX 75069"
The LINC Center,043907,003,043907003,High School,75069,33.210686,-96.635144,"The LINC Center, 2100 West White Avenue, McKinney, TX 75069"
McKinney North High School,043907,004,043907004,High School,75071,33.231971,-96.645862,"McKinney North High School, 2550 Wilmeth Road, McKinney, TX 75071"
Serenity High,043907,005,043907005,High School,75069,33.210290,-96.635399,"Serenity High, 2100 West White Avenue, McKinney, TX 75069"
County Residential Center,043907,006,043907006,Multilevel School,75069,33.210686,-96.635144,"County Residential Center, 2100 West White Avenue, McKinney, TX 75069"
McKinney Boyd High School,043907,007,043907007,High School,75071,33.202954,-96.679867,"McKinney Boyd High School, 600 North Lake Forest Drive, McKinney, TX 75071"
Faubion Middle School,043907,041,043907041,Middle School,75069,33.204945,-96.632486,"Faubion Middle School, 2000 Doe Rollins, McKinney, TX 75069"
Dowell Middle School,043907,043,043907043,Middle School,75070,33.195162,-96.696095,"Dowell Middle School, 301 South East Ridge Road, McKinney, TX 75070"
Scott Morgan Johnson Middle School,043907,044,043907044,Middle School,75071,33.233934,-96.638470,"Scott Morgan Johnson Middle School, 3400 Community Drive, McKinney, TX 75071"
Leonard Evans Jr Middle School,043907,045,043907045,Middle School,75070,33.175437,-96.706907,"Leonard Evans Jr Middle School, 6998 W. Eldorado Parkway, McKinney, TX 75070"
Dr Jack Cockrill Middle School,043907,046,043907046,Middle School,75071,33.211278,-96.667164,"Dr Jack Cockrill Middle School, 1351 N. Hardin Road, McKinney, TX 75071"
Finch Elementary,043907,102,043907102,Elementary School,75069,33.186859,-96.616634,"Finch Elementary, 1205 South Tennessee Street, McKinney, TX 75069"
Webb Elementary,043907,104,043907104,Elementary School,75069,33.197323,-96.607426,"Webb Elementary, 810 East Louisiana St., McKinney, TX 75069"
Burks Elementary,043907,105,043907105,Elementary School,75069,33.201965,-96.629518,"Burks Elementary, 1801 Hill Street, McKinney, TX 75069"
Caldwell Elementary,043907,107,043907107,Elementary School,75069,33.196443,-96.621969,"Caldwell Elementary, 601 W. Louisiana, McKinney, TX 75069"
Valley Creek Elementary,043907,108,043907108,Elementary School,75070,33.173678,-96.653831,"Valley Creek Elementary, 2800 Valley Creek Trail, McKinney, TX 75070"
Glen Oaks Elementary,043907,109,043907109,Elementary School,75070,33.188551,-96.696226,"Glen Oaks Elementary, 6100 Glen Oaks Drive, McKinney, TX 75070"
Slaughter Elementary,043907,111,043907111,Elementary School,75071,33.201148,-96.647386,"Slaughter Elementary, 2706 Wolford Avenue, McKinney, TX 75071"
Reuben Johnson Elementary,043907,112,043907112,Elementary School,75070,33.167561,-96.686077,"Reuben Johnson Elementary, 3400 Ash Lane,McKinney, TX 75070"
C T Eddins Elementary,043907,113,043907113,Elementary School,75070,33.198311,-96.729995,"C.T. Eddins Elementary, 311 Peregrine Drive, McKinney, TX 75070"
Roy Lee Walker Elementary,043907,115,043907115,Elementary School,75070,33.177080,-96.673146,"Roy Lee Walker Elementary, 4000 Cockrill Drive, McKinney, TX 75070"
Earl and Lottie Wolford Elementary,043907,116,043907116,Elementary School,75070,33.178127,-96.707770,"Earl and Lottie Wolford Elementary, 6951 Berkshire Rd, McKinney, TX 75070"
Arthur H McNeil Elementary School,043907,117,043907117,Elementary School,75070,33.162033,-96.664396,"Arthur H McNeil Elementary School, 3650 Hardin Boulevard, McKinney, TX 75070"
Albert and Iola Lee Davis Malvern Elementary School,043907,118,043907118,Elementary School,75069,33.179398,-96.633199,"Albert and Iola Lee Davis Malvern Elementary School, 1100 Eldorado Parkway, McKinney, TX 75069"
Jose De Jesus and Maria Luisa Vega Elementary,043907,119,043907119,Elementary School,75071,33.223752,-96.646897,"Jose De Jesus and Maria Luisa Vega Elementary, 2511 Cattleman Drive, McKinney, TX 75071"
Dean and Mildred Bennett Elementary,043907,120,043907120,Elementary School,75070,33.186080,-96.717421,"Dean and Mildred Bennett Elementary, 7760 Coronado Drive, McKinney, TX 75070"
Gary and Bobbye Jack Minshew Elementary,043907,121,043907121,Elementary School,75070,33.200910,-96.692415,"Gary and Bobbye Jack Minshew Elementary, 300 Joplin Drive, McKinney, TX 75070"
J B Wilmeth Elementary,043907,122,043907122,Elementary School,75069,33.212075,-96.717643,"J B Wilmeth Elementary, 901 LaCima Drive, McKinney, TX 75069"
Jesse McGowen Elementary School,043907,123,043907123,Elementary School,75070,33.154931,-96.673958,"Jesse McGowen Elementary School, 4300 Columbus Drive, McKinney, TX 75070"
Naomi Press Elementary School,043907,124,043907124,Elementary School,75071,33.241276,-96.621800,"Naomi Press Elementary School, 4101 Shawnee Drive, McKinney, TX 75071"
Herman Lawson Early Childhood Center,043907,125,043907125,Kindergarten,75071,33.202158,-96.647152,"Herman Lawson Early Childhood Center, 500 Dowell Street, McKinney, TX 75071"
Lizzie Nell Cundiff McClure Elementary,043907,126,043907126,Elementary School,75071,33.215638,-96.698439,"Lizzie Nell Cundiff McClure Elementary, 1753 N. Ridge Rd., McKinney, TX 75071"
JJAEP,043907,197,043907197,Multilevel School,75069,33.210686,-96.635144,"JJAEP, 2100 West White Avenue, McKinney, TX 75069"
Wylie High School,043914,001,043914001,High School,75098,33.011007,-96.571466,"Wylie High School, 2550 W Hwy 544, Wylie, TX 75098"
Wylie East High School,043914,003,043914003,High School,75098,33.016601,-96.494272,"Wylie East High School, 3000 Wylie East Drive, Wylie, TX 75098"
Achieve Academy,043914,004,043914004,Multilevel School,75098,33.004765,-96.537042,"Achieve Academy, 400 Pirate Drive, Wylie, TX 75098"
Burnett Junior High,043914,041,043914041,Middle School,75098,33.003464,-96.534667,"Burnett Junior High, 516 Hilltop Lane, Wylie, TX, 75098"
Harrison Intermediate School,043914,042,043914042,Elementary School,75098,33.003376,-96.541634,"Harrison Intermediate School, 1001 S. Ballard Avenue, Wylie, TX 75098"
McMillan Junior High,043914,043,043914043,Middle School,75098,33.030418,-96.556866,"McMillan Junior High, 1050 Park Blvd, Wylie, TX, 75098"
Davis Intermediate School,043914,044,043914044,Elementary School,75098,33.029950,-96.554831,"Davis Intermediate School, 950 Park Blvd, Wylie, TX 75098"
Cooper Junior High,043914,045,043914045,Middle School,75098,33.002494,-96.577173,"Cooper Junior High, 101 Hensley Road, Wylie, TX 75098"
Draper Intermediate School,043914,046,043914046,Elementary School,75098,33.000525,-96.577045,"Draper Intermediate School, 103 Hensley Lane, Wylie, TX, 75098"
Hartman Elementary,043914,101,043914101,Elementary School,75098,33.008016,-96.542053,"Hartman Elementary, 510 South Birmingham, Wylie, TX 75098"
Birmingham Elementary,043914,102,043914102,Elementary School,75098,33.018274,-96.548864,"Birmingham Elementary, 700 West Brown Street, Wylie, TX 75098"
Akin Elementary,043914,103,043914103,Elementary School,75098,33.008909,-96.521723,"Akin Elementary, 1100 Springwood Lane, Wylie, TX 75098"
Dodd Elementary,043914,104,043914104,Elementary School,75098,33.030977,-96.565374,"Dodd Elementary, 1500 Park Blvd, Wylie, Texas 75098"
Groves Elementary,043914,105,043914105,Elementary School,75098,33.025528,-96.594062,"Groves Elementary, 1100 McCreary Road, Wylie, TX 75098"
Cox Elementary,043914,106,043914106,Elementary School,75048,32.985374,-96.567839,"Cox Elementary, 7009 Woodbridge Pkwy, Sachse, TX 75048"
Tibbals Elementary,043914,107,043914107,Elementary School,75087,33.024662,-96.599260,"Tibbals Elementary, 621 Waters Edge Way, Murphy, TX 75087"
Smith Elementary,043914,108,043914108,Elementary School,75098,33.046609,-96.568384,"Smith Elementary, 2221 Country Club, Wylie, TX 75098"
Whitt Elementary,043914,109,043914109,Elementary School,75048,32.990760,-96.587411,"Whitt Elementary, 7520 Woodcreek Way, Sachse, TX 75048"
Watkins Elementary,043914,110,043914110,Elementary School,75098,32.989043,-96.522400,"Watkins Elementary, 1301 Elm Road, Wylie, TX 75098"
